...1,n_guesses,entropy_start,entropy_end,mean_entropy_drop,max_entropy_drop,early_entropy_drop,monotone_entropy,green_fraction,yellow_fraction,valid,source
412342,6,2,6,5.166666666666667,6,7,0,0.5,0.03333333333333333,NA,real
2728972,2,2,10,6,10,12,0,0.5,0.2,NA,real
4364911,6,3,10,3.1666666666666665,10,3,0,0.16666666666666666,0.3,NA,real
4966340,6,3,10,6.166666666666667,10,9,0,0.5666666666666667,0.1,NA,real
2983769,5,4,10,6,10,8,0,0.32,0.56,NA,real
3051706,4,1,10,4,10,3,0,0.35,0.1,NA,real
5515778,4,2,10,5.5,10,5,0,0.4,0.3,NA,real
3699389,3,3,10,6,10,8,0,0.5333333333333333,0.13333333333333333,NA,real
4166618,6,0,10,4.333333333333333,10,1,0,0.4,0.06666666666666667,NA,real
3264376,3,5,10,7,10,11,0,0.6666666666666666,0.06666666666666667,NA,real
424149,3,3,10,5.666666666666667,10,7,0,0.5333333333333333,0.06666666666666667,NA,real
493103,6,1,10,4.5,10,3,0,0.4,0.1,NA,real
3576634,4,3,10,6.5,10,8,0,0.6,0.1,NA,real
649345,4,6,10,7.5,10,12,0,0.75,0,NA,real
6306236,5,2,10,5.8,10,5,0,0.56,0.04,NA,real
560203,4,3,10,6.25,10,9,0,0.6,0.05,NA,real
1256809,3,3,10,7,10,11,0,0.6,0.2,NA,real
6709344,4,2,10,5.5,10,5,0,0.5,0.1,NA,real
2176775,2,5,10,7.5,10,15,0,0.6,0.3,NA,real
6353736,4,2,10,4.25,10,4,0,0.3,0.25,NA,real
67259,4,4,10,6.75,10,9,0,0.65,0.05,NA,real
1005917,5,6,10,6.8,10,12,0,0.68,0,NA,real
2644772,4,2,10,4.75,10,5,0,0.4,0.15,NA,real
4878962,5,0,10,4,10,2,0,0.32,0.16,NA,real
6842624,4,1,10,4,10,3,0,0.25,0.3,NA,real
5206864,5,0,10,5.8,10,5,0,0.56,0.04,NA,real
126355,2,3,10,6.5,10,13,0,0.6,0.1,NA,real
6432557,6,2,10,4.5,10,4,0,0.23333333333333334,0.43333333333333335,NA,real
2907396,4,3,10,5.25,10,7,0,0.5,0.05,NA,real
2169457,6,2,10,6.666666666666667,10,8,0,0.6666666666666666,0,NA,real
5593117,6,3,10,6.333333333333333,10,6,0,0.6,0.06666666666666667,NA,real
1925506,5,2,10,4.2,10,4,0,0.36,0.12,NA,real
3168754,4,1,10,5.5,10,4,0,0.45,0.2,NA,real
947879,6,1,10,6.333333333333333,10,6,0,0.6,0.06666666666666667,NA,real
1733700,4,2,10,5.25,10,5,0,0.5,0.05,NA,real
441317,1,10,10,10,10,10,1,1,0,NA,real
3058268,5,2,10,5.8,10,5,0,0.48,0.2,NA,real
4466766,3,2,10,4.666666666666667,10,4,0,0.3333333333333333,0.26666666666666666,NA,real
6015106,5,5,10,6.2,10,7,0,0.6,0.04,NA,real
1672457,3,3,10,6.333333333333333,10,9,0,0.5333333333333333,0.2,NA,real
1068246,5,2,10,4.8,10,3,0,0.4,0.16,NA,real
1605836,6,0,10,4.666666666666667,10,3,0,0.36666666666666664,0.2,NA,real
1033553,4,1,10,4.75,10,4,0,0.3,0.35,NA,real
759665,4,2,10,5.25,10,5,0,0.5,0.05,NA,real
4896471,4,3,10,6.25,10,9,0,0.6,0.05,NA,real
5692302,4,3,10,6.5,10,8,0,0.6,0.1,NA,real
5536956,5,3,10,3.8,10,3,0,0.32,0.12,NA,real
396495,4,1,10,4.75,10,4,0,0.4,0.15,NA,real
5329617,3,3,10,6.333333333333333,10,9,0,0.5333333333333333,0.2,NA,real
3277686,6,3,10,4,10,4,0,0.3333333333333333,0.13333333333333333,NA,real
2870399,6,1,10,5.333333333333333,10,4,0,0.5,0.06666666666666667,NA,real
1240552,6,1,10,4.333333333333333,10,3,0,0.3,0.26666666666666666,NA,real
3118717,3,5,10,6.666666666666667,10,10,0,0.6,0.13333333333333333,NA,real
5660111,4,3,10,5.5,10,7,0,0.4,0.3,NA,real
2601947,6,2,10,6.666666666666667,10,6,0,0.6333333333333333,0.06666666666666667,NA,real
6012099,5,3,10,6.6,10,7,0,0.56,0.2,NA,real
6262583,4,3,10,5.5,10,6,0,0.5,0.1,NA,real
5478667,4,0,10,5,10,2,0,0.5,0,NA,real
1489172,5,2,10,4,10,5,0,0.28,0.24,NA,real
6555055,3,0,10,3.3333333333333335,10,0,0,0.3333333333333333,0,NA,real
4174402,4,2,10,4.75,10,3,0,0.45,0.05,NA,real
6368469,4,4,10,7.5,10,12,0,0.75,0,NA,real
2624325,4,1,10,5.5,10,5,0,0.4,0.3,NA,real
533610,3,3,10,7,10,11,0,0.6666666666666666,0.06666666666666667,NA,real
3376149,3,5,10,7,10,11,0,0.6666666666666666,0.06666666666666667,NA,real
1388633,6,3,10,3.1666666666666665,10,6,0,0.23333333333333334,0.16666666666666666,NA,real
6878820,4,2,10,6,10,7,0,0.5,0.2,NA,real
2889706,5,3,10,5,10,7,0,0.48,0.04,NA,real
3884250,5,2,10,6,10,5,0,0.48,0.24,NA,real
6552483,2,2,10,6,10,12,0,0.5,0.2,NA,real
122486,6,0,10,3.8333333333333335,10,1,0,0.16666666666666666,0.43333333333333335,NA,real
2667996,4,2,10,4.75,10,4,0,0.45,0.05,NA,real
1029444,3,1,10,5.333333333333333,10,6,0,0.4666666666666667,0.13333333333333333,NA,real
2551796,6,2,10,4.666666666666667,10,5,0,0.4,0.13333333333333333,NA,real
5263612,6,0,10,6.166666666666667,10,3,0,0.6,0.03333333333333333,NA,real
3171139,4,4,10,7,10,10,0,0.7,0,NA,real
3735064,5,2,10,4.6,10,5,0,0.28,0.36,NA,real
3837395,5,4,10,7.6,10,12,0,0.72,0.08,NA,real
6734355,2,8,10,9,10,18,0,0.9,0,NA,real
5436345,3,1,10,4.333333333333333,10,3,0,0.4,0.06666666666666667,NA,real
5235913,3,1,10,4.666666666666667,10,4,0,0.4,0.13333333333333333,NA,real
3968113,3,5,10,7,10,11,0,0.6,0.2,NA,real
703767,3,0,10,5.333333333333333,10,6,0,0.5333333333333333,0,NA,real
3708265,4,2,10,4.75,10,5,0,0.3,0.35,NA,real
3871623,3,4,10,7.333333333333333,10,12,0,0.6,0.26666666666666666,NA,real
5348000,4,1,10,4.75,10,3,0,0.4,0.15,NA,real
3145407,5,0,10,3.6,10,1,0,0.28,0.16,NA,real
2660597,3,4,10,5.666666666666667,10,7,0,0.5333333333333333,0.06666666666666667,NA,real
1659164,5,2,10,5.4,10,5,0,0.4,0.28,NA,real
1830112,2,5,10,7.5,10,15,0,0.7,0.1,NA,real
2033223,4,4,10,6,10,8,0,0.55,0.1,NA,real
2642809,3,3,10,7,10,11,0,0.6666666666666666,0.06666666666666667,NA,real
6508821,5,0,10,4.4,10,0,0,0.44,0,NA,real
136573,4,4,10,7.5,10,12,0,0.75,0,NA,real
3173869,5,0,10,4.8,10,2,0,0.4,0.16,NA,real
6456128,3,1,10,5.333333333333333,10,6,0,0.4666666666666667,0.13333333333333333,NA,real
5440084,4,1,10,4,10,2,0,0.3,0.2,NA,real
1225699,3,2,10,5.666666666666667,10,7,0,0.5333333333333333,0.06666666666666667,NA,real
907853,3,2,10,5.666666666666667,10,7,0,0.4,0.3333333333333333,NA,real
466498,6,0,10,3.5,10,0,0,0.26666666666666666,0.16666666666666666,NA,real
2244927,5,1,10,3.8,10,1,0,0.32,0.12,NA,real
5333323,4,2,10,6.5,10,8,0,0.6,0.1,NA,real
3612959,2,4,10,7,10,14,0,0.6,0.2,NA,real
3338230,4,2,10,5,10,4,0,0.4,0.2,NA,real
2386979,3,0,10,4.333333333333333,10,3,0,0.3333333333333333,0.2,NA,real
3291289,4,3,10,5,10,4,0,0.4,0.2,NA,real
5776302,3,3,10,6,10,8,0,0.5333333333333333,0.13333333333333333,NA,real
958385,2,3,10,6.5,10,13,0,0.6,0.1,NA,real
4244220,5,1,10,5,10,2,0,0.44,0.12,NA,real
5785921,5,1,10,4.6,10,2,0,0.4,0.12,NA,real
2390361,3,0,10,4.666666666666667,10,4,0,0.4,0.13333333333333333,NA,real
6083777,5,0,10,4.8,10,3,0,0.44,0.08,NA,real
3699455,3,4,10,6.333333333333333,10,9,0,0.4,0.4666666666666667,NA,real
6835560,2,5,10,7.5,10,15,0,0.6,0.3,NA,real
620434,4,1,10,5,10,4,0,0.45,0.1,NA,real
2164699,5,2,10,5.4,10,4,0,0.52,0.04,NA,real
6029596,4,3,10,5.5,10,7,0,0.4,0.3,NA,real
5952052,3,3,10,5.666666666666667,10,7,0,0.4666666666666667,0.2,NA,real
5634774,4,0,10,3.25,10,0,0,0.3,0.05,NA,real
1458015,3,1,10,5,10,5,0,0.4,0.2,NA,real
88867,4,0,10,4.5,10,3,0,0.4,0.1,NA,real
2346939,5,1,10,4.6,10,3,0,0.4,0.12,NA,real
210502,4,2,10,6.5,10,8,0,0.65,0,NA,real
4935791,4,1,10,5.25,10,4,0,0.45,0.15,NA,real
2967547,6,1,10,4.833333333333333,10,5,0,0.43333333333333335,0.1,NA,real
1753020,3,3,10,5,10,5,0,0.4666666666666667,0.06666666666666667,NA,real
606436,1,10,10,10,10,10,1,1,0,NA,real
2198625,6,2,10,4.5,10,4,0,0.3333333333333333,0.23333333333333334,NA,real
3544357,3,4,10,6.666666666666667,10,10,0,0.6666666666666666,0,NA,real
3438239,3,4,10,7.333333333333333,10,12,0,0.6666666666666666,0.13333333333333333,NA,real
3831519,4,2,10,6.5,10,8,0,0.6,0.1,NA,real
6677923,5,2,10,5.4,10,6,0,0.4,0.28,NA,real
6588363,3,2,10,6.333333333333333,10,9,0,0.4666666666666667,0.3333333333333333,NA,real
4711089,5,2,10,6.2,10,5,0,0.56,0.12,NA,real
3808685,4,2,10,4.25,10,4,0,0.4,0.05,NA,real
461165,5,2,10,4.6,10,4,0,0.32,0.28,NA,real
5623623,4,2,10,4.75,10,5,0,0.45,0.05,NA,real
1644168,2,2,10,6,10,12,0,0.5,0.2,NA,real
3157218,2,4,10,7,10,14,0,0.7,0,NA,real
5883984,4,2,10,5.5,10,6,0,0.55,0,NA,real
6280087,4,2,10,6.5,10,8,0,0.6,0.1,NA,real
4916557,4,1,10,5,10,4,0,0.45,0.1,NA,real
1855695,2,6,10,8,10,16,0,0.8,0,NA,real
5125180,3,4,10,6.666666666666667,10,10,0,0.6,0.13333333333333333,NA,real
1557293,6,2,6,3.8333333333333335,6,4,0,0.3,0.16666666666666666,NA,real
3102257,4,4,10,6.5,10,10,0,0.6,0.1,NA,real
1569601,4,2,10,6.5,10,8,0,0.55,0.2,NA,real
5505390,6,2,10,5.333333333333333,10,6,0,0.5333333333333333,0,NA,real
3036447,5,1,10,4.6,10,4,0,0.28,0.36,NA,real
4785664,5,0,10,3,10,1,0,0.2,0.2,NA,real
2874001,6,1,6,2.8333333333333335,6,2,0,0.2,0.16666666666666666,NA,real
1974569,4,3,10,5.75,10,7,0,0.55,0.05,NA,real
2720861,5,1,10,4.8,10,2,0,0.44,0.08,NA,real
3112045,6,6,10,6.833333333333333,10,12,0,0.6666666666666666,0.03333333333333333,NA,real
1289298,4,3,10,5.5,10,5,0,0.45,0.2,NA,real
1226836,3,2,10,5.333333333333333,10,6,0,0.4666666666666667,0.13333333333333333,NA,real
696841,2,2,10,6,10,12,0,0.6,0,NA,real
2799816,6,2,10,5.833333333333333,10,5,0,0.5666666666666667,0.03333333333333333,NA,real
5773680,6,2,10,5.333333333333333,10,4,0,0.5333333333333333,0,NA,real
6707497,4,1,10,3.75,10,2,0,0.3,0.15,NA,real
3460482,3,2,10,5.333333333333333,10,6,0,0.4,0.26666666666666666,NA,real
1811536,4,0,10,4.25,10,3,0,0.3,0.25,NA,real
383072,6,5,10,7,10,10,0,0.6666666666666666,0.06666666666666667,NA,real
3205144,6,2,10,6,10,4,0,0.5333333333333333,0.13333333333333333,NA,real
4750860,6,0,10,3.8333333333333335,10,2,0,0.3333333333333333,0.1,NA,real
5026315,3,2,10,5.666666666666667,10,7,0,0.5333333333333333,0.06666666666666667,NA,real
170687,6,1,10,5.5,10,4,0,0.5,0.1,NA,real
2837300,4,3,10,6,10,8,0,0.55,0.1,NA,real
1755352,3,3,10,6.666666666666667,10,10,0,0.6,0.13333333333333333,NA,real
6341519,5,1,10,3.4,10,3,0,0.2,0.28,NA,real
5175500,6,2,4,3.3333333333333335,4,4,0,0.26666666666666666,0.13333333333333333,NA,real
5938638,4,2,10,6.75,10,9,0,0.6,0.15,NA,real
2350716,6,0,10,5.5,10,2,0,0.5,0.1,NA,real
3190642,3,3,10,6.666666666666667,10,10,0,0.6,0.13333333333333333,NA,real
358404,6,4,3,3.1666666666666665,5,5,0,0.16666666666666666,0.3,NA,real
6662424,5,2,10,4.6,10,4,0,0.4,0.12,NA,real
1800649,6,2,8,5.333333333333333,8,5,0,0.4666666666666667,0.13333333333333333,NA,real
2952813,3,1,10,5,10,5,0,0.4666666666666667,0.06666666666666667,NA,real
4705297,4,2,10,4.5,10,4,0,0.45,0,NA,real
1927602,5,1,10,5.8,10,6,0,0.52,0.12,NA,real
2650865,5,2,10,6.4,10,8,0,0.6,0.08,NA,real
2239141,4,0,10,4,10,2,0,0.25,0.3,NA,real
5411455,5,4,10,7,10,9,0,0.56,0.28,NA,real
2704435,6,0,7,3.8333333333333335,7,2,0,0.3,0.16666666666666666,NA,real
81482,2,4,10,7,10,14,0,0.6,0.2,NA,real
5164342,4,2,10,5.75,10,5,0,0.5,0.15,NA,real
6159992,3,1,10,4,10,2,0,0.3333333333333333,0.13333333333333333,NA,real
6683404,2,4,10,7,10,14,0,0.6,0.2,NA,real
1823481,6,0,10,4.5,10,2,0,0.43333333333333335,0.03333333333333333,NA,real
3544203,3,1,10,4,10,2,0,0.3333333333333333,0.13333333333333333,NA,real
199610,2,6,10,8,10,16,0,0.8,0,NA,real
4455064,5,3,10,5.6,10,7,0,0.44,0.24,NA,real
766833,5,3,10,7.4,10,11,0,0.72,0.04,NA,real
2340255,4,2,10,5.75,10,7,0,0.55,0.05,NA,real
2177703,2,4,10,7,10,14,0,0.5,0.4,NA,real
5801529,6,2,10,4.5,10,4,0,0.43333333333333335,0.03333333333333333,NA,real
5084187,3,1,10,5,10,5,0,0.4666666666666667,0.06666666666666667,NA,real
6365871,3,0,10,5,10,5,0,0.4,0.2,NA,real
2620824,4,2,10,5.5,10,5,0,0.4,0.3,NA,real
1417307,6,2,10,3.1666666666666665,10,4,0,0.2,0.23333333333333334,NA,real
1018216,1,10,10,10,10,10,1,1,0,NA,real
3634078,2,4,10,7,10,14,0,0.5,0.4,NA,real
6255712,5,0,10,3.6,10,1,0,0.32,0.08,NA,real
1484432,4,1,10,4.75,10,3,0,0.45,0.05,NA,real
247169,6,1,10,3.5,10,2,0,0.3,0.1,NA,real
2890347,5,1,10,4,10,3,0,0.24,0.32,NA,real
6883477,5,1,10,4.4,10,3,0,0.36,0.16,NA,real
6706661,4,2,10,4.5,10,4,0,0.35,0.2,NA,real
635301,1,10,10,10,10,10,1,1,0,NA,real
1006481,5,1,10,5.8,10,6,0,0.44,0.28,NA,real
6770142,3,3,10,6.333333333333333,10,9,0,0.4666666666666667,0.3333333333333333,NA,real
6682572,2,4,10,7,10,14,0,0.6,0.2,NA,real
3285808,3,3,10,6.666666666666667,10,10,0,0.6,0.13333333333333333,NA,real
1259337,4,3,10,6.5,10,8,0,0.6,0.1,NA,real
5230945,1,10,10,10,10,10,1,1,0,NA,real
5689850,4,2,10,4,10,4,0,0.25,0.3,NA,real
3008790,5,3,10,5.4,10,6,0,0.36,0.36,NA,real
6285710,5,1,10,4.6,10,3,0,0.36,0.2,NA,real
639290,2,1,10,5.5,10,11,0,0.5,0.1,NA,real
5641545,5,0,10,4,10,1,0,0.36,0.08,NA,real
5000436,6,0,10,4.666666666666667,10,2,0,0.4666666666666667,0,NA,real
509140,4,0,10,4,10,2,0,0.25,0.3,NA,real
6881735,5,2,10,6,10,6,0,0.44,0.32,NA,real
1125023,5,4,10,4.2,10,7,0,0.28,0.28,NA,real
456408,4,3,10,5.25,10,7,0,0.5,0.05,NA,real
1692151,6,6,2,4.666666666666667,6,12,1,0.43333333333333335,0.06666666666666667,NA,real
4858810,4,2,10,5,10,5,0,0.45,0.1,NA,real
5522268,6,4,10,5.666666666666667,10,8,0,0.5666666666666667,0,NA,real
3044621,2,2,10,6,10,12,0,0.6,0,NA,real
5386282,3,3,10,5.333333333333333,10,6,0,0.4,0.26666666666666666,NA,real
1385132,6,1,10,4.833333333333333,10,5,0,0.23333333333333334,0.5,NA,real
1720765,1,10,10,10,10,10,1,1,0,NA,real
1451047,2,1,10,5.5,10,11,0,0.5,0.1,NA,real
4976153,4,1,10,5.75,10,5,0,0.5,0.15,NA,real
3325859,2,4,10,7,10,14,0,0.6,0.2,NA,real
580427,2,2,10,6,10,12,0,0.6,0,NA,real
6537666,3,0,10,4.333333333333333,10,3,0,0.4,0.06666666666666667,NA,real
3249237,5,0,10,4.2,10,2,0,0.28,0.28,NA,real
1588323,2,6,10,8,10,16,0,0.8,0,NA,real
2110113,4,2,10,5.25,10,6,0,0.45,0.15,NA,real
1243816,6,3,8,4.833333333333333,8,5,0,0.43333333333333335,0.1,NA,real
4129998,6,4,8,7,8,10,0,0.7,0,NA,real
2445988,3,1,10,5,10,5,0,0.3333333333333333,0.3333333333333333,NA,real
5162990,3,1,10,4.666666666666667,10,4,0,0.4,0.13333333333333333,NA,real
1611883,2,2,10,6,10,12,0,0.5,0.2,NA,real
2056452,3,3,10,5.333333333333333,10,6,0,0.4666666666666667,0.13333333333333333,NA,real
280068,2,4,10,7,10,14,0,0.7,0,NA,real
3026321,3,2,10,6,10,8,0,0.5333333333333333,0.13333333333333333,NA,real
857866,5,2,10,6,10,6,0,0.52,0.16,NA,real
1515578,4,1,10,5,10,2,0,0.45,0.1,NA,real
3110740,6,1,10,5,10,4,0,0.36666666666666664,0.26666666666666666,NA,real
5007128,3,8,10,8.666666666666666,10,16,0,0.8666666666666667,0,NA,real
736178,5,2,10,5.6,10,4,0,0.56,0,NA,real
6811287,4,3,10,6.75,10,9,0,0.6,0.15,NA,real
2921675,1,10,10,10,10,10,1,1,0,NA,real
2650875,5,1,10,4.6,10,3,0,0.44,0.04,NA,real
5055875,6,1,10,5.5,10,3,0,0.5333333333333333,0.03333333333333333,NA,real
4523678,4,1,10,5.25,10,3,0,0.5,0.05,NA,real
3159279,2,4,10,7,10,14,0,0.7,0,NA,real
4839125,4,2,10,5.75,10,7,0,0.55,0.05,NA,real
3676360,3,2,10,5.333333333333333,10,6,0,0.4666666666666667,0.13333333333333333,NA,real
1343587,3,2,10,5.666666666666667,10,7,0,0.5333333333333333,0.06666666666666667,NA,real
2868966,6,3,10,5.666666666666667,10,7,0,0.4666666666666667,0.2,NA,real
4681973,3,2,10,6,10,8,0,0.4666666666666667,0.26666666666666666,NA,real
6846803,5,0,10,4.4,10,2,0,0.32,0.24,NA,real
2113154,4,2,10,4.75,10,3,0,0.4,0.15,NA,real
4738220,3,2,10,5,10,5,0,0.4666666666666667,0.06666666666666667,NA,real
675408,4,0,10,4,10,0,0,0.4,0,NA,real
4241461,5,2,10,5,10,5,0,0.44,0.12,NA,real
5047210,5,0,10,4,10,2,0,0.32,0.16,NA,real
1501157,6,0,4,1.8333333333333333,4,1,0,0.16666666666666666,0.03333333333333333,NA,real
3983711,6,6,10,7.333333333333333,10,12,0,0.7333333333333333,0,NA,real
4268679,6,3,10,4,10,7,0,0.3333333333333333,0.13333333333333333,NA,real
5989315,4,1,10,4,10,3,0,0.3,0.2,NA,real
6584050,6,2,10,7,10,8,0,0.7,0,NA,real
1782918,3,0,10,4.666666666666667,10,4,0,0.4666666666666667,0,NA,real
4268754,6,1,10,4,10,4,0,0.2,0.4,NA,real
2805140,2,4,10,7,10,14,0,0.6,0.2,NA,real
3116960,3,1,10,5.333333333333333,10,6,0,0.4666666666666667,0.13333333333333333,NA,real
3720549,2,5,10,7.5,10,15,0,0.6,0.3,NA,real
576886,6,1,6,2.5,6,1,0,0.16666666666666666,0.16666666666666666,NA,real
4185797,6,2,10,3.3333333333333335,10,4,0,0.26666666666666666,0.13333333333333333,NA,real
6274051,6,0,10,4.833333333333333,10,3,0,0.4,0.16666666666666666,NA,real
5943061,5,0,10,5,10,2,0,0.44,0.12,NA,real
2416828,3,3,10,5.333333333333333,10,6,0,0.4,0.26666666666666666,NA,real
2461366,6,2,10,4,10,5,0,0.3333333333333333,0.13333333333333333,NA,real
3302444,2,6,10,8,10,16,0,0.8,0,NA,real
3476738,6,2,10,3.6666666666666665,10,4,0,0.3,0.13333333333333333,NA,real
6370462,4,1,10,3.75,10,2,0,0.3,0.15,NA,real
2540923,3,4,10,6.333333333333333,10,9,0,0.5333333333333333,0.2,NA,real
2585338,2,4,10,7,10,14,0,0.6,0.2,NA,real
3239771,4,2,10,4,10,4,0,0.3,0.2,NA,real
5591839,6,2,10,6.666666666666667,10,6,0,0.6333333333333333,0.06666666666666667,NA,real
6628746,5,0,10,3.6,10,2,0,0.28,0.16,NA,real
156965,4,3,10,5.5,10,6,0,0.45,0.2,NA,real
4584112,4,3,10,6.75,10,9,0,0.6,0.15,NA,real
5803790,6,0,10,4.166666666666667,10,2,0,0.4,0.03333333333333333,NA,real
2416093,3,1,10,5,10,5,0,0.4,0.2,NA,real
4534499,6,0,10,3.5,10,1,0,0.3,0.1,NA,real
3481738,3,3,10,6.333333333333333,10,9,0,0.6,0.06666666666666667,NA,real
1018300,1,10,10,10,10,10,1,1,0,NA,real
1430592,4,3,10,6.5,10,8,0,0.55,0.2,NA,real
1470894,6,3,10,4.333333333333333,10,4,0,0.4,0.06666666666666667,NA,real
507249,4,2,10,4.75,10,6,0,0.45,0.05,NA,real
133586,4,2,10,7,10,10,0,0.7,0,NA,real
6918423,6,1,10,4.833333333333333,10,4,0,0.36666666666666664,0.23333333333333334,NA,real
3647310,5,2,10,5,10,6,0,0.4,0.2,NA,real
4521520,3,2,10,5.666666666666667,10,7,0,0.5333333333333333,0.06666666666666667,NA,real
1113929,3,1,10,4.666666666666667,10,4,0,0.3333333333333333,0.26666666666666666,NA,real
5144683,4,2,10,4.75,10,5,0,0.3,0.35,NA,real
5372083,5,1,10,3.8,10,2,0,0.24,0.28,NA,real
3297416,5,1,10,5,10,4,0,0.32,0.36,NA,real
6265027,4,4,10,6.75,10,10,0,0.65,0.05,NA,real
4132197,2,4,10,7,10,14,0,0.6,0.2,NA,real
4136627,3,1,10,4.666666666666667,10,4,0,0.3333333333333333,0.26666666666666666,NA,real
6718962,3,3,10,5.666666666666667,10,7,0,0.3333333333333333,0.4666666666666667,NA,real
6823472,3,2,10,5,10,5,0,0.3333333333333333,0.3333333333333333,NA,real
6587508,3,2,10,5.333333333333333,10,6,0,0.4666666666666667,0.13333333333333333,NA,real
5663715,5,2,10,6.4,10,6,0,0.56,0.16,NA,real
3223650,4,4,10,7.5,10,12,0,0.7,0.1,NA,real
1205231,5,1,10,4.8,10,4,0,0.36,0.24,NA,real
6533497,6,1,10,4.833333333333333,10,3,0,0.36666666666666664,0.23333333333333334,NA,real
5021979,2,5,10,7.5,10,15,0,0.7,0.1,NA,real
5511938,4,3,10,6,10,7,0,0.55,0.1,NA,real
487078,5,3,10,4.6,10,5,0,0.4,0.12,NA,real
3407615,6,1,10,3.8333333333333335,10,1,0,0.3333333333333333,0.1,NA,real
2398979,5,1,10,4.8,10,3,0,0.36,0.24,NA,real
1418672,1,10,10,10,10,10,1,1,0,NA,real
1107276,1,10,10,10,10,10,1,1,0,NA,real
6293284,2,3,10,6.5,10,13,0,0.5,0.3,NA,real
2668809,4,2,10,4.5,10,5,0,0.35,0.2,NA,real
3322226,6,3,10,5.666666666666667,10,6,0,0.5,0.13333333333333333,NA,real
5861,5,4,10,5.6,10,8,0,0.52,0.08,NA,real
993990,3,3,10,5,10,5,0,0.4666666666666667,0.06666666666666667,NA,real
2891044,5,1,10,5,10,5,0,0.4,0.2,NA,real
4070804,2,2,10,6,10,12,0,0.5,0.2,NA,real
1972011,3,1,10,5.333333333333333,10,6,0,0.4,0.26666666666666666,NA,real
675106,4,2,10,4.25,10,4,0,0.3,0.25,NA,real
5564064,3,3,10,6.333333333333333,10,9,0,0.4666666666666667,0.3333333333333333,NA,real
2305139,3,0,10,3.6666666666666665,10,1,0,0.3333333333333333,0.06666666666666667,NA,real
4001198,5,2,10,6.2,10,5,0,0.56,0.12,NA,real
6182452,4,2,10,5.25,10,5,0,0.5,0.05,NA,real
988649,1,10,10,10,10,10,1,1,0,NA,real
1418332,1,10,10,10,10,10,1,1,0,NA,real
362746,2,8,10,9,10,18,0,0.9,0,NA,real
4099130,4,4,10,5.5,10,8,0,0.5,0.1,NA,real
1012845,6,5,10,6.5,10,11,0,0.6333333333333333,0.03333333333333333,NA,real
4511788,4,1,10,4.5,10,3,0,0.3,0.3,NA,real
2982229,4,3,10,4.75,10,4,0,0.25,0.45,NA,real
5359444,2,5,10,7.5,10,15,0,0.7,0.1,NA,real
743777,6,1,10,4.333333333333333,10,3,0,0.4,0.06666666666666667,NA,real
2065899,5,3,10,6.8,10,9,0,0.6,0.16,NA,real
1009276,6,4,10,6.333333333333333,10,10,0,0.6,0.06666666666666667,NA,real
1347342,4,1,10,4,10,1,0,0.35,0.1,NA,real
6142997,3,4,10,5.666666666666667,10,7,0,0.5333333333333333,0.06666666666666667,NA,real
420056,2,2,10,6,10,12,0,0.6,0,NA,real
5051544,6,0,10,4.5,10,1,0,0.43333333333333335,0.03333333333333333,NA,real
1624008,4,3,10,3.5,10,4,0,0.25,0.2,NA,real
4542824,3,2,10,6,10,8,0,0.6,0,NA,real
1398272,2,1,10,5.5,10,11,0,0.5,0.1,NA,real
228700,3,3,10,6,10,8,0,0.5333333333333333,0.13333333333333333,NA,real
4851337,3,5,10,7,10,11,0,0.6666666666666666,0.06666666666666667,NA,real
6705382,3,1,10,5.333333333333333,10,6,0,0.4666666666666667,0.13333333333333333,NA,real
1698704,3,2,10,6,10,8,0,0.6,0,NA,real
5942859,5,3,10,4.8,10,6,0,0.32,0.32,NA,real
1296856,5,3,10,4.6,10,5,0,0.44,0.04,NA,real
1993750,2,5,10,7.5,10,15,0,0.6,0.3,NA,real
3663073,4,2,10,5,10,5,0,0.45,0.1,NA,real
6171763,6,0,10,5.333333333333333,10,4,0,0.5333333333333333,0,NA,real
4582839,3,3,10,5.333333333333333,10,6,0,0.3333333333333333,0.4,NA,real
3066259,2,4,10,7,10,14,0,0.6,0.2,NA,real
2459071,6,1,10,4,10,4,0,0.3,0.2,NA,real
5391754,4,1,10,4.5,10,3,0,0.3,0.3,NA,real
2149369,6,1,10,4,10,2,0,0.23333333333333334,0.3333333333333333,NA,real
2349353,6,1,10,4.666666666666667,10,3,0,0.4,0.13333333333333333,NA,real
3283732,3,3,10,6,10,8,0,0.4666666666666667,0.26666666666666666,NA,real
236662,4,3,10,4.75,10,6,0,0.4,0.15,NA,real
3050900,4,2,10,5.75,10,5,0,0.45,0.25,NA,real
3396488,3,3,10,6,10,8,0,0.5333333333333333,0.13333333333333333,NA,real
341616,3,2,10,6,10,8,0,0.4666666666666667,0.26666666666666666,NA,real
1774068,2,2,10,6,10,12,0,0.5,0.2,NA,real
2131185,2,4,10,7,10,14,0,0.5,0.4,NA,real
5901648,4,3,10,5.75,10,7,0,0.55,0.05,NA,real
622947,5,2,10,4.6,10,3,0,0.4,0.12,NA,real
763427,4,2,10,4.25,10,4,0,0.4,0.05,NA,real
3403702,5,4,10,6.6,10,10,0,0.64,0.04,NA,real
1752775,3,1,10,4.666666666666667,10,4,0,0.3333333333333333,0.26666666666666666,NA,real
2064909,5,3,10,5.8,10,7,0,0.52,0.12,NA,real
1175381,5,0,10,3.8,10,1,0,0.32,0.12,NA,real
4143266,5,3,10,4.4,10,6,0,0.24,0.4,NA,real
6317577,5,2,10,4,10,4,0,0.36,0.08,NA,real
2860102,4,3,10,6,10,8,0,0.55,0.1,NA,real
4891027,3,2,10,4.666666666666667,10,4,0,0.4666666666666667,0,NA,real
3496868,6,2,10,4.666666666666667,10,5,0,0.36666666666666664,0.2,NA,real
5155006,6,4,10,7,10,8,0,0.5666666666666667,0.26666666666666666,NA,real
2032197,4,2,10,5,10,5,0,0.45,0.1,NA,real
4531469,5,0,10,4.4,10,2,0,0.44,0,NA,real
1361949,6,3,4,3.6666666666666665,4,6,0,0.3333333333333333,0.06666666666666667,NA,real
249825,6,2,0,1.6666666666666667,3,4,0,0,0.3333333333333333,NA,real
4169730,3,0,10,5.333333333333333,10,6,0,0.4666666666666667,0.13333333333333333,NA,real
1252132,2,4,10,7,10,14,0,0.7,0,NA,real
4316830,4,2,10,6,10,6,0,0.55,0.1,NA,real
1646764,3,1,10,5,10,5,0,0.4666666666666667,0.06666666666666667,NA,real
4135459,3,3,10,5.333333333333333,10,6,0,0.4666666666666667,0.13333333333333333,NA,real
3783382,3,2,10,4.666666666666667,10,4,0,0.3333333333333333,0.26666666666666666,NA,real
6012182,5,4,10,6.6,10,9,0,0.6,0.12,NA,real
6024757,3,5,10,5.666666666666667,10,7,0,0.5333333333333333,0.06666666666666667,NA,real
4913751,4,2,10,6,10,6,0,0.6,0,NA,real
2825134,6,3,6,4.5,6,6,0,0.26666666666666666,0.36666666666666664,NA,real
1294728,5,2,10,5.2,10,6,0,0.4,0.24,NA,real
576257,6,0,1,1.6666666666666667,4,0,0,0.13333333333333333,0.06666666666666667,NA,real
4873744,3,2,10,5.333333333333333,10,6,0,0.3333333333333333,0.4,NA,real
4462861,6,1,7,4.5,7,7,0,0.26666666666666666,0.36666666666666664,NA,real
5753857,5,2,10,6,10,6,0,0.56,0.08,NA,real
5996815,5,2,10,5.4,10,5,0,0.52,0.04,NA,real
1493113,5,0,10,3,10,1,0,0.28,0.04,NA,real
5376425,6,4,10,5.666666666666667,10,8,0,0.5666666666666667,0,NA,real
465247,6,1,10,4.5,10,5,0,0.36666666666666664,0.16666666666666666,NA,real
5082142,3,2,10,5.666666666666667,10,7,0,0.5333333333333333,0.06666666666666667,NA,real
1442824,6,1,10,5.666666666666667,10,6,0,0.5333333333333333,0.06666666666666667,NA,real
6316983,5,0,10,5,10,3,0,0.44,0.12,NA,real
4016536,4,3,10,4.75,10,4,0,0.3,0.35,NA,real
5077339,6,0,10,6,10,3,0,0.5666666666666667,0.06666666666666667,NA,real
5574606,5,3,10,5.6,10,7,0,0.32,0.48,NA,real
424079,3,1,10,5.666666666666667,10,7,0,0.5333333333333333,0.06666666666666667,NA,real
811269,1,10,10,10,10,10,1,1,0,NA,real
5720860,2,3,10,6.5,10,13,0,0.6,0.1,NA,real
2913052,5,1,10,5,10,5,0,0.44,0.12,NA,real
6008207,4,5,10,3.75,10,5,0,0.3,0.15,NA,real
3298846,6,3,10,3.5,10,7,0,0.26666666666666666,0.16666666666666666,NA,real
910198,4,0,10,5,10,3,0,0.45,0.1,NA,real
6555947,3,3,10,6.333333333333333,10,9,0,0.6,0.06666666666666667,NA,real
5700147,6,1,10,6.833333333333333,10,7,0,0.6666666666666666,0.03333333333333333,NA,real
2248081,6,2,10,3.3333333333333335,10,2,0,0.16666666666666666,0.3333333333333333,NA,real
939869,4,0,10,4.75,10,3,0,0.4,0.15,NA,real
3187638,3,2,10,4.333333333333333,10,3,0,0.3333333333333333,0.2,NA,real
6817155,5,4,10,5.8,10,8,0,0.56,0.04,NA,real
2944864,1,10,10,10,10,10,1,1,0,NA,real
432726,5,2,10,4.4,10,5,0,0.36,0.16,NA,real
5383114,3,5,10,7.666666666666667,10,13,0,0.6666666666666666,0.2,NA,real
5144914,4,2,10,6.25,10,7,0,0.5,0.25,NA,real
732186,4,2,10,4.5,10,5,0,0.4,0.1,NA,real
3446805,4,4,10,5.75,10,8,0,0.3,0.55,NA,real
455388,4,0,10,4.5,10,3,0,0.4,0.1,NA,real
1871046,5,1,10,4.8,10,2,0,0.4,0.16,NA,real
6245814,3,1,10,5.333333333333333,10,6,0,0.4666666666666667,0.13333333333333333,NA,real
2201462,2,3,10,6.5,10,13,0,0.6,0.1,NA,real
6747987,5,8,10,8.4,10,16,0,0.84,0,NA,real
2031882,4,1,10,3.5,10,2,0,0.3,0.1,NA,real
6234279,5,3,10,6.2,10,7,0,0.6,0.04,NA,real
5094690,5,2,10,5.6,10,2,0,0.56,0,NA,real
5043952,4,0,10,4.5,10,2,0,0.45,0,NA,real
4791305,3,3,10,6.333333333333333,10,9,0,0.5333333333333333,0.2,NA,real
5695700,5,1,10,5,10,3,0,0.44,0.12,NA,real
3232105,6,3,10,6.5,10,7,0,0.6,0.1,NA,real
2966063,6,3,10,6,10,6,0,0.5666666666666667,0.06666666666666667,NA,real
5361221,3,1,10,5,10,5,0,0.3333333333333333,0.3333333333333333,NA,real
3303567,3,0,10,4.333333333333333,10,3,0,0.4,0.06666666666666667,NA,real
2700768,6,1,10,4.833333333333333,10,3,0,0.4,0.16666666666666666,NA,real
3657680,3,3,10,6,10,8,0,0.5333333333333333,0.13333333333333333,NA,real
2251879,1,10,10,10,10,10,1,1,0,NA,real
970706,4,2,10,5.25,10,6,0,0.35,0.35,NA,real
2180563,3,2,10,6,10,8,0,0.5333333333333333,0.13333333333333333,NA,real
1845642,5,2,10,4.8,10,4,0,0.4,0.16,NA,real
5009490,4,1,10,5,10,4,0,0.4,0.2,NA,real
484842,5,4,10,4.8,10,8,0,0.48,0,NA,real
1722546,2,3,10,6.5,10,13,0,0.5,0.3,NA,real
2709988,3,0,10,4.666666666666667,10,4,0,0.3333333333333333,0.26666666666666666,NA,real
6900707,6,2,10,5.166666666666667,10,3,0,0.4666666666666667,0.1,NA,real
6080624,4,1,10,4.75,10,3,0,0.35,0.25,NA,real
603340,6,2,10,4.333333333333333,10,6,0,0.3,0.26666666666666666,NA,real
2442638,2,1,10,5.5,10,11,0,0.5,0.1,NA,real
1924285,4,1,10,4.75,10,3,0,0.45,0.05,NA,real
60713,2,4,10,7,10,14,0,0.5,0.4,NA,real
6575795,4,2,10,5.25,10,6,0,0.5,0.05,NA,real
3594668,3,1,10,5,10,5,0,0.4,0.2,NA,real
4880983,5,1,10,5.2,10,2,0,0.44,0.16,NA,real
6684516,2,5,10,7.5,10,15,0,0.6,0.3,NA,real
3411938,6,3,8,5.166666666666667,8,7,0,0.4666666666666667,0.1,NA,real
2189590,5,3,10,6,10,7,0,0.52,0.16,NA,real
234847,4,1,10,4.25,10,4,0,0.35,0.15,NA,real
4971346,3,2,10,5.666666666666667,10,7,0,0.3333333333333333,0.4666666666666667,NA,real
2647815,4,2,10,6,10,6,0,0.6,0,NA,real
4967232,6,4,8,6.166666666666667,8,10,0,0.6,0.03333333333333333,NA,real
6309931,3,4,10,7.333333333333333,10,12,0,0.6666666666666666,0.13333333333333333,NA,real
2205854,2,1,10,5.5,10,11,0,0.5,0.1,NA,real
2995882,3,2,10,5,10,5,0,0.4666666666666667,0.06666666666666667,NA,real
2412128,2,8,10,9,10,18,0,0.9,0,NA,real
3001097,4,1,10,4.25,10,3,0,0.3,0.25,NA,real
83302,3,1,10,5,10,5,0,0.4,0.2,NA,real
5955656,4,2,10,5.75,10,6,0,0.45,0.25,NA,real
3688540,5,0,10,3.4,10,2,0,0.32,0.04,NA,real
3203262,6,2,10,6.166666666666667,10,6,0,0.6,0.03333333333333333,NA,real
391513,3,2,10,5.333333333333333,10,6,0,0.5333333333333333,0,NA,real
4799927,4,3,10,6.75,10,9,0,0.65,0.05,NA,real
1069824,6,3,10,5.5,10,4,0,0.43333333333333335,0.23333333333333334,NA,real
509577,4,2,10,6.5,10,8,0,0.6,0.1,NA,real
5894707,3,4,10,6.666666666666667,10,10,0,0.6,0.13333333333333333,NA,real
3547478,3,2,10,6.666666666666667,10,10,0,0.6666666666666666,0,NA,real
2351047,6,2,10,6.666666666666667,10,8,0,0.6333333333333333,0.06666666666666667,NA,real
3349489,3,2,10,4.666666666666667,10,4,0,0.4666666666666667,0,NA,real
3701721,3,3,10,5.666666666666667,10,7,0,0.4666666666666667,0.2,NA,real
4456376,5,1,10,5.2,10,4,0,0.4,0.24,NA,real
5829191,4,1,10,4.75,10,5,0,0.35,0.25,NA,real
4624992,4,0,10,3.5,10,1,0,0.3,0.1,NA,real
1956147,5,3,10,5.4,10,7,0,0.4,0.28,NA,real
649912,4,2,10,6.5,10,8,0,0.65,0,NA,real
397042,4,0,10,4.5,10,2,0,0.35,0.2,NA,real
1440128,6,0,10,4.5,10,0,0,0.43333333333333335,0.03333333333333333,NA,real
3374163,3,2,10,6,10,8,0,0.4666666666666667,0.26666666666666666,NA,real
3725835,4,4,10,6.25,10,9,0,0.55,0.15,NA,real
6546745,5,1,10,3,10,2,0,0.2,0.2,NA,real
2858728,4,2,10,5.5,10,6,0,0.5,0.1,NA,real
1797682,6,5,10,7.166666666666667,10,11,0,0.7,0.03333333333333333,NA,real
3084601,6,1,10,5.166666666666667,10,4,0,0.4666666666666667,0.1,NA,real
223322,6,0,8,4.5,8,1,0,0.36666666666666664,0.16666666666666666,NA,real
2512888,2,5,10,7.5,10,15,0,0.7,0.1,NA,real
3855916,5,3,10,6.2,10,9,0,0.56,0.12,NA,real
329847,6,1,10,4.333333333333333,10,3,0,0.3333333333333333,0.2,NA,real
6494392,4,1,10,4.75,10,3,0,0.35,0.25,NA,real
662339,6,1,8,5.333333333333333,8,4,0,0.4666666666666667,0.13333333333333333,NA,real
3117437,3,4,10,6.333333333333333,10,9,0,0.5333333333333333,0.2,NA,real
4933768,4,1,10,5,10,3,0,0.45,0.1,NA,real
1196028,3,2,10,6,10,8,0,0.4666666666666667,0.26666666666666666,NA,real
6406596,3,2,10,5.666666666666667,10,7,0,0.4,0.3333333333333333,NA,real
806274,6,2,5,3.3333333333333335,5,5,0,0.23333333333333334,0.2,NA,real
2714645,4,1,10,5.25,10,3,0,0.5,0.05,NA,real
1208186,5,2,10,5,10,6,0,0.48,0.04,NA,real
3560104,6,2,10,5.5,10,5,0,0.5333333333333333,0.03333333333333333,NA,real
5642031,5,0,10,4.6,10,1,0,0.44,0.04,NA,real
5453054,6,1,8,4.5,8,3,0,0.4,0.1,NA,real
5409004,5,1,10,3.8,10,3,0,0.2,0.36,NA,real
4970488,3,2,10,5,10,5,0,0.3333333333333333,0.3333333333333333,NA,real
1540031,3,2,10,5.333333333333333,10,6,0,0.4666666666666667,0.13333333333333333,NA,real
6246362,3,1,10,4.333333333333333,10,3,0,0.3333333333333333,0.2,NA,real
828835,5,2,10,5,10,4,0,0.36,0.28,NA,real
2393109,4,0,10,4.75,10,2,0,0.45,0.05,NA,real
4522629,4,1,10,3.75,10,3,0,0.35,0.05,NA,real
3092297,2,4,10,7,10,14,0,0.7,0,NA,real
6331951,3,2,10,5.666666666666667,10,7,0,0.4666666666666667,0.2,NA,real
3095635,3,1,10,6.333333333333333,10,9,0,0.6,0.06666666666666667,NA,real
5506813,6,1,10,4.5,10,2,0,0.3333333333333333,0.23333333333333334,NA,real
5476545,3,0,10,4,10,2,0,0.3333333333333333,0.13333333333333333,NA,real
1539235,3,5,10,7,10,11,0,0.6666666666666666,0.06666666666666667,NA,real
4295576,4,1,10,4.5,10,3,0,0.3,0.3,NA,real
6217417,4,2,10,6.5,10,8,0,0.55,0.2,NA,real
5564819,3,4,10,6,10,8,0,0.4666666666666667,0.26666666666666666,NA,real
3616433,3,1,10,4.666666666666667,10,4,0,0.3333333333333333,0.26666666666666666,NA,real
4021724,5,3,10,4.8,10,6,0,0.4,0.16,NA,real
4627435,5,1,10,3.2,10,1,0,0.28,0.08,NA,real
181413,3,0,10,4,10,2,0,0.3333333333333333,0.13333333333333333,NA,real
1800282,6,0,8,5.166666666666667,8,3,0,0.4666666666666667,0.1,NA,real
6778918,4,1,10,4.5,10,7,0,0.4,0.1,NA,real
6054404,3,1,10,4.666666666666667,10,4,0,0.4,0.13333333333333333,NA,real
4623053,4,1,10,3.75,10,1,0,0.35,0.05,NA,real
5263364,6,0,10,5.333333333333333,10,0,0,0.5333333333333333,0,NA,real
6178371,4,1,10,6.75,10,9,0,0.65,0.05,NA,real
5252247,3,2,10,5.666666666666667,10,7,0,0.5333333333333333,0.06666666666666667,NA,real
2420851,4,0,10,5,10,3,0,0.4,0.2,NA,real
2301097,2,0,10,5,10,10,0,0.5,0,NA,real
2529294,6,3,10,6.166666666666667,10,6,0,0.5666666666666667,0.1,NA,real
3692661,6,0,10,5.666666666666667,10,2,0,0.5333333333333333,0.06666666666666667,NA,real
4956960,4,1,10,3.75,10,3,0,0.25,0.25,NA,real
3245377,5,3,10,6.2,10,9,0,0.6,0.04,NA,real
2423959,4,1,10,5.5,10,4,0,0.45,0.2,NA,real
4283564,5,1,10,5.6,10,4,0,0.52,0.08,NA,real
690142,6,0,5,3.1666666666666665,5,2,0,0.16666666666666666,0.3,NA,real
1375238,4,2,10,6.5,10,8,0,0.65,0,NA,real
1329077,6,1,10,4.333333333333333,10,3,0,0.4,0.06666666666666667,NA,real
5690853,4,3,10,6.75,10,9,0,0.65,0.05,NA,real
405535,6,2,10,5.333333333333333,10,6,0,0.5333333333333333,0,NA,real
660063,6,2,10,6.666666666666667,10,8,0,0.6666666666666666,0,NA,real
6361358,2,2,10,6,10,12,0,0.5,0.2,NA,real
6043565,4,3,10,3.5,10,4,0,0.3,0.1,NA,real
804769,6,1,10,5,10,4,0,0.3,0.4,NA,real
1037088,5,0,10,3.8,10,0,0,0.28,0.2,NA,real
243218,6,1,10,4.333333333333333,10,1,0,0.36666666666666664,0.13333333333333333,NA,real
4956230,4,1,10,5.75,10,5,0,0.5,0.15,NA,real
3405370,5,0,10,4.2,10,0,0,0.4,0.04,NA,real
1091951,4,3,10,5.5,10,7,0,0.5,0.1,NA,real
1490967,5,0,10,2.8,10,0,0,0.24,0.08,NA,real
151925,3,5,10,6.666666666666667,10,10,0,0.6,0.13333333333333333,NA,real
4768262,5,4,10,6.4,10,10,0,0.64,0,NA,real
1465131,5,2,10,5.8,10,7,0,0.52,0.12,NA,real
2769786,5,2,10,4.6,10,5,0,0.4,0.12,NA,real
5652321,3,2,10,6,10,8,0,0.4666666666666667,0.26666666666666666,NA,real
2375548,6,1,10,7.166666666666667,10,9,0,0.7,0.03333333333333333,NA,real
6220671,4,1,10,4.5,10,2,0,0.35,0.2,NA,real
3586823,6,3,7,5.333333333333333,7,7,0,0.43333333333333335,0.2,NA,real
3715542,6,0,10,3.6666666666666665,10,1,0,0.3,0.13333333333333333,NA,real
6198610,3,3,10,5.333333333333333,10,6,0,0.4666666666666667,0.13333333333333333,NA,real
3681516,4,1,10,5.5,10,4,0,0.5,0.1,NA,real
4006717,6,1,10,4.5,10,2,0,0.36666666666666664,0.16666666666666666,NA,real
2131943,2,5,10,7.5,10,15,0,0.6,0.3,NA,real
2596129,4,2,10,6,10,7,0,0.5,0.2,NA,real
3805029,3,2,10,5.333333333333333,10,6,0,0.4,0.26666666666666666,NA,real
6754859,3,0,10,4.333333333333333,10,3,0,0.4,0.06666666666666667,NA,real
4628251,5,1,10,4.2,10,5,0,0.4,0.04,NA,real
2239536,4,3,10,6.25,10,7,0,0.55,0.15,NA,real
6140911,3,2,10,5,10,5,0,0.4,0.2,NA,real
4372693,4,1,10,3.75,10,3,0,0.3,0.15,NA,real
2102199,2,6,10,8,10,16,0,0.8,0,NA,real
6111550,3,1,10,6.333333333333333,10,9,0,0.6,0.06666666666666667,NA,real
4213326,3,4,10,7,10,11,0,0.6,0.2,NA,real
4491852,5,2,10,5.4,10,5,0,0.44,0.2,NA,real
4138947,4,1,10,4.5,10,4,0,0.4,0.1,NA,real
2190918,5,2,10,5.6,10,6,0,0.48,0.16,NA,real
6240405,6,2,10,7,10,8,0,0.6666666666666666,0.06666666666666667,NA,real
952426,6,1,8,3.8333333333333335,8,3,0,0.3,0.16666666666666666,NA,real
1484127,3,0,10,4,10,2,0,0.4,0,NA,real
6113662,4,3,10,6.75,10,9,0,0.65,0.05,NA,real
1428574,3,4,10,6.333333333333333,10,9,0,0.6,0.06666666666666667,NA,real
3766036,4,3,10,5.5,10,7,0,0.5,0.1,NA,real
466030,6,1,10,4.5,10,2,0,0.36666666666666664,0.16666666666666666,NA,real
60950,2,7,10,8.5,10,17,0,0.8,0.1,NA,real
3167835,4,6,10,8,10,14,0,0.8,0,NA,real
5320269,5,2,10,5,10,5,0,0.48,0.04,NA,real
2027742,3,1,10,5,10,5,0,0.4,0.2,NA,real
3949974,3,6,10,7.333333333333333,10,12,0,0.7333333333333333,0,NA,real
511355,5,3,10,6.8,10,8,0,0.64,0.08,NA,real
1073008,6,3,10,4.666666666666667,10,6,0,0.2,0.5333333333333333,NA,real
3188019,3,0,10,4.333333333333333,10,3,0,0.4,0.06666666666666667,NA,real
1107421,1,10,10,10,10,10,1,1,0,NA,real
6603348,3,4,10,6.666666666666667,10,10,0,0.6666666666666666,0,NA,real
751396,2,3,10,6.5,10,13,0,0.6,0.1,NA,real
1375141,4,2,10,5.75,10,5,0,0.45,0.25,NA,real
4438142,5,2,10,4.4,10,4,0,0.2,0.48,NA,real
6411546,4,0,10,5.75,10,5,0,0.55,0.05,NA,real
5979182,5,3,10,5.6,10,6,0,0.48,0.16,NA,real
2421121,4,1,10,6,10,6,0,0.55,0.1,NA,real
324289,5,1,10,4.2,10,1,0,0.32,0.2,NA,real
2578097,6,2,10,4.666666666666667,10,5,0,0.3,0.3333333333333333,NA,real
3978237,5,3,10,6.6,10,7,0,0.64,0.04,NA,real
4335739,4,2,10,5.25,10,6,0,0.45,0.15,NA,real
2112702,4,2,10,5.5,10,6,0,0.55,0,NA,real
6287557,5,2,10,5,10,4,0,0.36,0.28,NA,real
4076397,4,0,10,4.25,10,3,0,0.4,0.05,NA,real
3332564,3,2,10,5.333333333333333,10,6,0,0.4666666666666667,0.13333333333333333,NA,real
6096089,4,2,10,5.5,10,6,0,0.45,0.2,NA,real
6310334,3,0,10,4.333333333333333,10,3,0,0.3333333333333333,0.2,NA,real
5715766,5,1,10,4.6,10,3,0,0.4,0.12,NA,real
2211672,4,0,10,3.25,10,0,0,0.25,0.15,NA,real
640734,2,0,10,5,10,10,0,0.5,0,NA,real
6394166,4,3,10,6,10,6,0,0.45,0.3,NA,real
2027955,3,0,10,5,10,5,0,0.4,0.2,NA,real
2478310,5,1,10,6,10,6,0,0.56,0.08,NA,real
4299432,4,4,10,6.5,10,10,0,0.65,0,NA,real
3550664,4,2,10,4.75,10,4,0,0.35,0.25,NA,real
6880166,5,2,10,4,10,5,0,0.32,0.16,NA,real
2338857,4,1,10,4.75,10,4,0,0.35,0.25,NA,real
871181,2,1,10,5.5,10,11,0,0.5,0.1,NA,real
428599,4,3,10,5.25,10,9,0,0.4,0.25,NA,real
6779544,4,2,10,6.5,10,8,0,0.6,0.1,NA,real
534592,3,1,10,4.666666666666667,10,4,0,0.4,0.13333333333333333,NA,real
3801039,2,4,10,7,10,14,0,0.7,0,NA,real
4768163,5,0,10,5,10,2,0,0.48,0.04,NA,real
4180890,5,1,10,4.2,10,3,0,0.4,0.04,NA,real
6186767,5,1,10,5.8,10,3,0,0.52,0.12,NA,real
4137567,4,2,10,4,10,4,0,0.3,0.2,NA,real
2555436,6,2,10,3,10,2,0,0.2,0.2,NA,real
3387031,6,2,10,4.5,10,5,0,0.3333333333333333,0.23333333333333334,NA,real
5077505,6,2,10,6.333333333333333,10,6,0,0.6333333333333333,0,NA,real
6326705,6,2,8,6.166666666666667,8,5,0,0.5666666666666667,0.1,NA,real
5177911,3,1,10,4.666666666666667,10,4,0,0.4,0.13333333333333333,NA,real
3387841,6,3,10,4.333333333333333,10,4,0,0.3,0.26666666666666666,NA,real
3785580,3,2,10,5.666666666666667,10,7,0,0.4,0.3333333333333333,NA,real
2566747,4,2,10,4.5,10,4,0,0.3,0.3,NA,real
5374007,5,1,10,4.8,10,4,0,0.36,0.24,NA,real
6762929,4,1,10,4,10,2,0,0.3,0.2,NA,real
3593707,3,3,10,6,10,8,0,0.3333333333333333,0.5333333333333333,NA,real
2581976,2,6,10,8,10,16,0,0.7,0.2,NA,real
5482251,4,1,10,4.5,10,4,0,0.4,0.1,NA,real
6166403,4,1,10,4.5,10,3,0,0.3,0.3,NA,real
311260,2,6,10,8,10,16,0,0.7,0.2,NA,real
2777843,6,4,8,6,8,10,0,0.5666666666666667,0.06666666666666667,NA,real
3275511,5,1,10,5.2,10,5,0,0.36,0.32,NA,real
5342895,2,1,10,5.5,10,11,0,0.5,0.1,NA,real
2203794,2,3,10,6.5,10,13,0,0.6,0.1,NA,real
4163450,5,0,10,4.2,10,0,0,0.36,0.12,NA,real
5176152,3,1,10,4.333333333333333,10,3,0,0.3333333333333333,0.2,NA,real
4802937,5,3,10,6.4,10,8,0,0.6,0.08,NA,real
1987771,6,4,10,6,10,8,0,0.5666666666666667,0.06666666666666667,NA,real
3627860,5,2,10,5.4,10,3,0,0.48,0.12,NA,real
1918696,3,0,10,5,10,5,0,0.4666666666666667,0.06666666666666667,NA,real
357238,6,1,10,5.333333333333333,10,4,0,0.5,0.06666666666666667,NA,real
5376400,6,1,10,5.5,10,5,0,0.5,0.1,NA,real
5851327,4,0,10,4.5,10,3,0,0.4,0.1,NA,real
2643221,4,2,10,5.75,10,5,0,0.55,0.05,NA,real
2890769,5,1,10,3.8,10,3,0,0.24,0.28,NA,real
3880319,4,5,10,7.25,10,11,0,0.7,0.05,NA,real
1404179,4,2,10,5,10,5,0,0.4,0.2,NA,real
5952583,3,2,10,5,10,5,0,0.3333333333333333,0.3333333333333333,NA,real
474926,3,0,10,4.666666666666667,10,4,0,0.4666666666666667,0,NA,real
2100605,2,2,10,6,10,12,0,0.5,0.2,NA,real
4050927,2,4,10,7,10,14,0,0.6,0.2,NA,real
96100,5,0,10,4,10,2,0,0.32,0.16,NA,real
911674,4,1,10,5.25,10,5,0,0.5,0.05,NA,real
3580863,5,0,10,4.6,10,2,0,0.4,0.12,NA,real
733070,4,3,10,6.75,10,9,0,0.65,0.05,NA,real
4894271,3,3,10,4.666666666666667,10,4,0,0.4,0.13333333333333333,NA,real
2588702,3,4,10,6.666666666666667,10,10,0,0.6666666666666666,0,NA,real
2052510,2,7,10,8.5,10,17,0,0.8,0.1,NA,real
2785113,3,4,10,7.333333333333333,10,12,0,0.7333333333333333,0,NA,real
4866721,6,1,8,4.666666666666667,8,5,0,0.36666666666666664,0.2,NA,real
5683289,2,2,10,6,10,12,0,0.5,0.2,NA,real
567949,5,0,10,4.2,10,4,0,0.36,0.12,NA,real
6343332,6,2,10,5.333333333333333,10,6,0,0.43333333333333335,0.2,NA,real
6756917,3,1,10,4.333333333333333,10,3,0,0.3333333333333333,0.2,NA,real
5617287,3,2,10,5.666666666666667,10,7,0,0.4666666666666667,0.2,NA,real
978164,6,2,10,3.3333333333333335,10,5,0,0.16666666666666666,0.3333333333333333,NA,real
1264740,5,3,10,3.4,10,3,0,0.24,0.2,NA,real
477360,3,1,10,4.333333333333333,10,3,0,0.4,0.06666666666666667,NA,real
5442535,4,2,10,5,10,5,0,0.45,0.1,NA,real
1634060,6,0,10,6,10,6,0,0.6,0,NA,real
144946,6,3,10,5.5,10,6,0,0.5,0.1,NA,real
155452,3,1,10,5.333333333333333,10,6,0,0.4666666666666667,0.13333333333333333,NA,real
1708362,5,2,10,5.4,10,5,0,0.44,0.2,NA,real
6255233,5,0,10,4.6,10,1,0,0.36,0.2,NA,real
860310,6,3,10,5,10,3,0,0.4666666666666667,0.06666666666666667,NA,real
4167053,6,2,10,5.833333333333333,10,6,0,0.5666666666666667,0.03333333333333333,NA,real
1641139,2,1,10,5.5,10,11,0,0.5,0.1,NA,real
6622838,4,2,10,4.5,10,5,0,0.35,0.2,NA,real
3682634,4,0,10,6.5,10,8,0,0.65,0,NA,real
6293771,3,3,10,6.333333333333333,10,9,0,0.4666666666666667,0.3333333333333333,NA,real
6840101,3,4,10,7,10,11,0,0.5333333333333333,0.3333333333333333,NA,real
1959651,6,1,10,6,10,4,0,0.5,0.2,NA,real
4938081,4,3,10,6.5,10,8,0,0.6,0.1,NA,real
6242834,6,0,8,4.333333333333333,8,2,0,0.43333333333333335,0,NA,real
4836956,3,3,10,6.333333333333333,10,9,0,0.6,0.06666666666666667,NA,real
754380,3,0,10,4,10,2,0,0.3333333333333333,0.13333333333333333,NA,real
3201488,5,2,10,5.4,10,6,0,0.48,0.12,NA,real
4261744,5,1,10,3.6,10,3,0,0.24,0.24,NA,real
639340,2,8,10,9,10,18,0,0.9,0,NA,real
3382455,5,2,10,5.4,10,5,0,0.4,0.28,NA,real
836804,6,2,8,4.166666666666667,8,5,0,0.26666666666666666,0.3,NA,real
6490624,3,4,10,6.333333333333333,10,9,0,0.5333333333333333,0.2,NA,real
1246820,1,10,10,10,10,10,1,1,0,NA,real
1471796,6,1,10,4.5,10,2,0,0.36666666666666664,0.16666666666666666,NA,real
5726708,4,4,10,7,10,10,0,0.7,0,NA,real
2206992,3,2,10,6,10,8,0,0.5333333333333333,0.13333333333333333,NA,real
1962174,6,0,8,4.833333333333333,8,2,0,0.4666666666666667,0.03333333333333333,NA,real
383685,6,4,10,7.333333333333333,10,10,0,0.6333333333333333,0.2,NA,real
61431,3,2,10,5.333333333333333,10,6,0,0.4,0.26666666666666666,NA,real
2252910,2,3,10,6.5,10,13,0,0.6,0.1,NA,real
2576852,6,2,10,4.666666666666667,10,4,0,0.36666666666666664,0.2,NA,real
2196491,6,2,10,5.666666666666667,10,6,0,0.5333333333333333,0.06666666666666667,NA,real
4857143,4,3,10,6.25,10,7,0,0.5,0.25,NA,real
3188274,3,2,10,5.333333333333333,10,6,0,0.4,0.26666666666666666,NA,real
5521925,6,2,10,4.833333333333333,10,4,0,0.36666666666666664,0.23333333333333334,NA,real
4715699,6,0,10,4.166666666666667,10,3,0,0.3,0.23333333333333334,NA,real
4130155,2,4,10,7,10,14,0,0.5,0.4,NA,real
740028,6,1,10,4.833333333333333,10,2,0,0.4,0.16666666666666666,NA,real
2232993,3,2,10,5.666666666666667,10,7,0,0.4666666666666667,0.2,NA,real
3969201,3,2,10,6,10,8,0,0.6,0,NA,real
5500979,5,4,10,5.6,10,8,0,0.48,0.16,NA,real
926105,1,10,10,10,10,10,1,1,0,NA,real
2122607,6,2,10,6,10,7,0,0.5333333333333333,0.13333333333333333,NA,real
6782221,5,1,10,4.6,10,3,0,0.4,0.12,NA,real
1870005,5,2,10,4.8,10,6,0,0.4,0.16,NA,real
3308873,4,3,10,6.25,10,7,0,0.6,0.05,NA,real
2274438,6,1,2,1.8333333333333333,4,2,0,0.06666666666666667,0.23333333333333334,NA,real
37869,6,2,10,5,10,5,0,0.36666666666666664,0.26666666666666666,NA,real
5268593,1,10,10,10,10,10,1,1,0,NA,real
4739884,3,0,10,4.666666666666667,10,4,0,0.4666666666666667,0,NA,real
3618434,3,0,10,4.666666666666667,10,4,0,0.4,0.13333333333333333,NA,real
4667309,4,2,10,5.75,10,5,0,0.45,0.25,NA,real
655423,5,1,10,5,10,3,0,0.4,0.2,NA,real
4920601,5,1,10,6.2,10,5,0,0.6,0.04,NA,real
1868023,4,2,10,6.25,10,7,0,0.55,0.15,NA,real
4314592,4,0,10,3.75,10,2,0,0.35,0.05,NA,real
5010408,4,0,10,4,10,2,0,0.25,0.3,NA,real
5411677,5,5,10,7.8,10,13,0,0.76,0.04,NA,real
6865818,5,4,10,6,10,8,0,0.6,0,NA,real
669901,3,2,10,6,10,8,0,0.6,0,NA,real
5811289,4,1,10,3.5,10,2,0,0.25,0.2,NA,real
305264,6,1,6,3.6666666666666665,6,2,0,0.3,0.13333333333333333,NA,real
6194458,3,1,10,4.666666666666667,10,4,0,0.4,0.13333333333333333,NA,real
4568754,4,1,10,4.25,10,3,0,0.4,0.05,NA,real
3966265,2,2,10,6,10,12,0,0.5,0.2,NA,real
5260604,5,0,10,3,10,3,0,0.2,0.2,NA,real
4776852,3,3,10,6.333333333333333,10,9,0,0.5333333333333333,0.2,NA,real
1837035,3,5,10,6.666666666666667,10,10,0,0.6,0.13333333333333333,NA,real
715178,6,0,10,3.6666666666666665,10,2,0,0.26666666666666666,0.2,NA,real
5397644,2,5,10,7.5,10,15,0,0.6,0.3,NA,real
2241024,4,1,10,4,10,2,0,0.3,0.2,NA,real
2730525,2,3,10,6.5,10,13,0,0.5,0.3,NA,real
6318689,5,0,10,3.6,10,2,0,0.24,0.24,NA,real
6409460,4,2,10,5.25,10,6,0,0.25,0.55,NA,real
5727819,4,5,10,7.75,10,13,0,0.75,0.05,NA,real
2457809,5,0,10,4.8,10,3,0,0.4,0.16,NA,real
6393802,4,4,10,6.75,10,9,0,0.65,0.05,NA,real
4246476,6,1,10,5.666666666666667,10,4,0,0.5333333333333333,0.06666666666666667,NA,real
5809868,3,4,10,6,10,8,0,0.6,0,NA,real
2935460,4,2,10,4.75,10,5,0,0.4,0.15,NA,real
6495509,4,1,10,4.5,10,3,0,0.3,0.3,NA,real
2950970,3,2,10,5.666666666666667,10,7,0,0.5333333333333333,0.06666666666666667,NA,real
1737576,5,4,10,6.2,10,8,0,0.6,0.04,NA,real
1539328,3,4,10,5.666666666666667,10,7,0,0.4666666666666667,0.2,NA,real
2053174,2,6,10,8,10,16,0,0.7,0.2,NA,real
5866705,6,2,10,5.333333333333333,10,5,0,0.5,0.06666666666666667,NA,real
1666519,1,10,10,10,10,10,1,1,0,NA,real
4052321,2,3,10,6.5,10,13,0,0.6,0.1,NA,real
6690641,3,1,10,6.333333333333333,10,9,0,0.6,0.06666666666666667,NA,real
1996540,3,1,10,6.333333333333333,10,9,0,0.6,0.06666666666666667,NA,real
751615,2,0,10,5,10,10,0,0.5,0,NA,real
4981333,5,3,10,4.4,10,4,0,0.24,0.4,NA,real
3347374,2,2,10,6,10,12,0,0.6,0,NA,real
1969634,3,3,10,6.666666666666667,10,10,0,0.5333333333333333,0.26666666666666666,NA,real
566715,5,0,10,3.2,10,1,0,0.24,0.16,NA,real
692288,6,2,8,4.833333333333333,8,5,0,0.43333333333333335,0.1,NA,real
4775323,3,2,10,5,10,5,0,0.4666666666666667,0.06666666666666667,NA,real
1255209,3,3,10,7,10,11,0,0.6,0.2,NA,real
2139248,4,1,10,5.5,10,5,0,0.45,0.2,NA,real
1285708,3,1,10,4.666666666666667,10,4,0,0.4,0.13333333333333333,NA,real
1031142,4,1,10,5.5,10,6,0,0.5,0.1,NA,real
5609927,5,1,10,3.6,10,2,0,0.28,0.16,NA,real
3788606,4,3,10,6,10,8,0,0.45,0.3,NA,real
6553130,3,1,10,5,10,5,0,0.4666666666666667,0.06666666666666667,NA,real
3150673,6,1,10,3.6666666666666665,10,3,0,0.3,0.13333333333333333,NA,real
6850637,6,3,10,5.666666666666667,10,7,0,0.5,0.13333333333333333,NA,real
784628,2,3,10,6.5,10,13,0,0.6,0.1,NA,real
4783818,5,1,10,3.8,10,2,0,0.32,0.12,NA,real
3244358,5,3,10,4.4,10,3,0,0.28,0.32,NA,real
5427197,4,3,10,5.25,10,7,0,0.35,0.35,NA,real
4525516,4,0,10,5.5,10,6,0,0.55,0,NA,real
4281599,5,3,10,5.8,10,7,0,0.56,0.04,NA,real
6660095,5,3,10,5.6,10,7,0,0.48,0.16,NA,real
2076625,2,1,10,5.5,10,11,0,0.5,0.1,NA,real
470701,2,3,10,6.5,10,13,0,0.6,0.1,NA,real
4939095,5,1,10,6.2,10,7,0,0.6,0.04,NA,real
3378538,4,3,10,6,10,7,0,0.45,0.3,NA,real
2525696,5,0,10,4.6,10,2,0,0.4,0.12,NA,real
3296183,5,2,10,4.6,10,4,0,0.28,0.36,NA,real
5859276,4,2,10,6.25,10,7,0,0.5,0.25,NA,real
3942121,6,0,10,3.6666666666666665,10,2,0,0.3,0.13333333333333333,NA,real
2060557,4,2,10,6,10,7,0,0.55,0.1,NA,real
1235863,5,1,10,4.8,10,4,0,0.4,0.16,NA,real
4330909,3,1,10,4.333333333333333,10,3,0,0.3333333333333333,0.2,NA,real
3554091,5,3,10,6.6,10,9,0,0.64,0.04,NA,real
5754104,5,2,10,4.4,10,4,0,0.44,0,NA,real
2218853,5,2,10,5.2,10,6,0,0.4,0.24,NA,real
1689073,6,3,10,4.333333333333333,10,4,0,0.4,0.06666666666666667,NA,real
1146218,4,2,10,5,10,5,0,0.35,0.3,NA,real
5797430,5,2,10,4.6,10,3,0,0.44,0.04,NA,real
3660961,3,1,10,5.333333333333333,10,6,0,0.4666666666666667,0.13333333333333333,NA,real
3354537,4,1,10,3.75,10,3,0,0.25,0.25,NA,real
5680926,5,1,10,2.8,10,2,0,0.2,0.16,NA,real
5435645,6,2,6,4.5,6,5,0,0.3333333333333333,0.23333333333333334,NA,real
527309,2,7,10,8.5,10,17,0,0.8,0.1,NA,real
906473,3,2,10,5.333333333333333,10,6,0,0.4666666666666667,0.13333333333333333,NA,real
5794402,4,1,10,4.25,10,3,0,0.4,0.05,NA,real
3459196,3,2,10,4.666666666666667,10,4,0,0.3333333333333333,0.26666666666666666,NA,real
5177921,3,2,10,6.666666666666667,10,10,0,0.6666666666666666,0,NA,real
4688867,5,3,10,6.2,10,7,0,0.52,0.2,NA,real
468296,1,10,10,10,10,10,1,1,0,NA,real
2985914,5,3,10,5.4,10,7,0,0.36,0.36,NA,real
2468581,3,5,10,7,10,11,0,0.6666666666666666,0.06666666666666667,NA,real
2986236,5,2,10,5,10,6,0,0.24,0.52,NA,real
5560772,2,1,10,5.5,10,11,0,0.5,0.1,NA,real
5622875,4,1,10,5.5,10,4,0,0.5,0.1,NA,real
5240695,4,1,10,4.25,10,3,0,0.3,0.25,NA,real
6581902,5,0,10,4.2,10,2,0,0.4,0.04,NA,real
3828558,3,3,10,5.666666666666667,10,7,0,0.3333333333333333,0.4666666666666667,NA,real
1486595,4,0,10,3.75,10,2,0,0.35,0.05,NA,real
4456321,5,3,10,4.8,10,6,0,0.28,0.4,NA,real
5873503,6,3,8,5.666666666666667,8,8,0,0.5,0.13333333333333333,NA,real
1633729,6,3,10,7.333333333333333,10,10,0,0.7,0.06666666666666667,NA,real
3129913,6,1,10,4.833333333333333,10,3,0,0.4,0.16666666666666666,NA,real
5383064,3,3,10,6,10,8,0,0.4,0.4,NA,real
1548766,5,3,10,5.8,10,7,0,0.48,0.2,NA,real
6083751,5,1,10,5,10,3,0,0.44,0.12,NA,real
5886492,4,1,10,4.75,10,3,0,0.4,0.15,NA,real
6023380,3,5,10,7.666666666666667,10,13,0,0.7333333333333333,0.06666666666666667,NA,real
1943636,3,4,10,6,10,8,0,0.4666666666666667,0.26666666666666666,NA,real
4684253,4,2,10,3.75,10,2,0,0.25,0.25,NA,real
2098988,6,0,8,2.6666666666666665,8,3,0,0.16666666666666666,0.2,NA,real
1724314,2,5,10,7.5,10,15,0,0.7,0.1,NA,real
2014230,6,2,10,5.833333333333333,10,5,0,0.43333333333333335,0.3,NA,real
5044938,4,2,10,5,10,4,0,0.5,0,NA,real
1625488,4,1,10,4.75,10,3,0,0.35,0.25,NA,real
2339263,4,2,10,5.25,10,5,0,0.5,0.05,NA,real
2449652,4,2,10,5,10,6,0,0.25,0.5,NA,real
3501204,2,1,10,5.5,10,11,0,0.5,0.1,NA,real
5768344,5,0,10,5.2,10,4,0,0.52,0,NA,real
6616939,6,2,10,4.666666666666667,10,6,0,0.43333333333333335,0.06666666666666667,NA,real
2584956,2,5,10,7.5,10,15,0,0.7,0.1,NA,real
195797,6,2,10,4.333333333333333,10,4,0,0.3333333333333333,0.2,NA,real
549494,6,1,8,4.666666666666667,8,4,0,0.36666666666666664,0.2,NA,real
6786213,1,10,10,10,10,10,1,1,0,NA,real
6699039,5,1,10,4.6,10,3,0,0.4,0.12,NA,real
1897987,4,1,10,4.25,10,3,0,0.3,0.25,NA,real
5726106,3,3,10,6.333333333333333,10,9,0,0.6,0.06666666666666667,NA,real
1297361,5,1,10,3.6,10,2,0,0.28,0.16,NA,real
2911597,5,0,10,4.4,10,4,0,0.44,0,NA,real
3895195,4,4,10,3.75,10,4,0,0.3,0.15,NA,real
1152140,5,2,10,5.8,10,6,0,0.4,0.36,NA,real
3667518,5,0,10,3.6,10,1,0,0.28,0.16,NA,real
3032163,5,1,10,4.4,10,5,0,0.32,0.24,NA,real
4502853,2,6,10,8,10,16,0,0.7,0.2,NA,real
3678148,3,0,10,4,10,2,0,0.4,0,NA,real
127233,2,2,10,6,10,12,0,0.6,0,NA,real
1137969,2,2,10,6,10,12,0,0.5,0.2,NA,real
386395,1,10,10,10,10,10,1,1,0,NA,real
4686325,4,0,10,4.75,10,3,0,0.45,0.05,NA,real
4206392,6,2,10,7.166666666666667,10,9,0,0.7,0.03333333333333333,NA,real
2663365,3,1,10,5,10,5,0,0.4666666666666667,0.06666666666666667,NA,real
4236907,4,2,10,4.5,10,4,0,0.45,0,NA,real
6342229,5,2,10,4,10,5,0,0.28,0.24,NA,real
488663,5,1,10,4.6,10,3,0,0.36,0.2,NA,real
5382431,3,3,10,7,10,11,0,0.6,0.2,NA,real
1951878,5,1,10,6,10,5,0,0.52,0.16,NA,real
6914695,5,0,10,5,10,3,0,0.44,0.12,NA,real
779217,1,10,10,10,10,10,1,1,0,NA,real
5496213,4,2,10,5.25,10,5,0,0.4,0.25,NA,real
5489370,2,4,10,7,10,14,0,0.6,0.2,NA,real
4625812,4,0,10,4.5,10,4,0,0.45,0,NA,real
4601626,3,3,10,5.666666666666667,10,7,0,0.4666666666666667,0.2,NA,real
4115793,3,0,10,4.333333333333333,10,3,0,0.4,0.06666666666666667,NA,real
3768521,4,1,10,3.75,10,1,0,0.3,0.15,NA,real
4007074,6,3,10,5.166666666666667,10,6,0,0.36666666666666664,0.3,NA,real
1510070,3,3,10,6.666666666666667,10,10,0,0.6,0.13333333333333333,NA,real
556632,3,2,10,5,10,5,0,0.3333333333333333,0.3333333333333333,NA,real
3871999,3,3,10,4.666666666666667,10,4,0,0.4,0.13333333333333333,NA,real
4209587,2,2,10,6,10,12,0,0.5,0.2,NA,real
3941038,5,0,10,4.8,10,2,0,0.48,0,NA,real
1608713,6,0,8,3.5,8,2,0,0.26666666666666666,0.16666666666666666,NA,real
3044138,2,5,10,7.5,10,15,0,0.7,0.1,NA,real
2021898,2,5,10,7.5,10,15,0,0.7,0.1,NA,real
673532,4,3,10,5.75,10,7,0,0.55,0.05,NA,real
6768905,6,0,7,3.1666666666666665,7,1,0,0.1,0.43333333333333335,NA,real
2666694,4,0,10,4.5,10,3,0,0.4,0.1,NA,real
4166541,6,0,10,3.6666666666666665,10,2,0,0.3333333333333333,0.06666666666666667,NA,real
3431285,6,1,10,5.666666666666667,10,6,0,0.5,0.13333333333333333,NA,real
1845939,5,1,10,4.6,10,3,0,0.36,0.2,NA,real
6480176,5,2,10,5.2,10,4,0,0.48,0.08,NA,real
4567822,4,2,10,4.75,10,5,0,0.35,0.25,NA,real
6337715,4,4,10,5.75,10,8,0,0.55,0.05,NA,real
46436,4,4,10,6.5,10,8,0,0.65,0,NA,real
5427460,4,2,10,5,10,4,0,0.45,0.1,NA,real
303134,6,3,7,5.333333333333333,7,7,0,0.5,0.06666666666666667,NA,real
4526882,4,0,10,4,10,2,0,0.4,0,NA,real
6262366,4,1,10,5.5,10,5,0,0.5,0.1,NA,real
4945438,6,2,10,6,10,6,0,0.5666666666666667,0.06666666666666667,NA,real
1035919,5,2,10,4.8,10,4,0,0.36,0.24,NA,real
5592299,6,3,10,6.666666666666667,10,7,0,0.6333333333333333,0.06666666666666667,NA,real
6578222,4,4,10,6.5,10,10,0,0.6,0.1,NA,real
1801900,2,3,10,6.5,10,13,0,0.5,0.3,NA,real
746589,1,10,10,10,10,10,1,1,0,NA,real
6720504,3,2,10,5.666666666666667,10,7,0,0.4666666666666667,0.2,NA,real
1476012,1,10,10,10,10,10,1,1,0,NA,real
4359266,5,2,10,5.6,10,5,0,0.4,0.32,NA,real
1065789,5,3,10,6.2,10,7,0,0.52,0.2,NA,real
4695970,6,3,10,5.666666666666667,10,4,0,0.5333333333333333,0.06666666666666667,NA,real
2708063,2,4,10,7,10,14,0,0.7,0,NA,real
2728018,2,5,10,7.5,10,15,0,0.6,0.3,NA,real
3447663,4,2,10,5,10,4,0,0.35,0.3,NA,real
4665326,3,6,10,8,10,14,0,0.8,0,NA,real
3281016,6,1,3,2.3333333333333335,3,3,0,0,0.4666666666666667,NA,real
3403102,5,2,10,6,10,6,0,0.6,0,NA,real
4328550,2,4,10,7,10,14,0,0.6,0.2,NA,real
991066,2,4,10,7,10,14,0,0.6,0.2,NA,real
56971,6,2,4,3.8333333333333335,5,6,0,0.3333333333333333,0.1,NA,real
3946648,2,2,10,6,10,12,0,0.6,0,NA,real
5984569,3,4,10,6.666666666666667,10,10,0,0.6666666666666666,0,NA,real
1682110,5,3,10,4.4,10,5,0,0.36,0.16,NA,real
2828093,2,5,10,7.5,10,15,0,0.7,0.1,NA,real
1063393,4,5,10,7.5,10,12,0,0.65,0.2,NA,real
2481535,6,2,10,5.166666666666667,10,4,0,0.43333333333333335,0.16666666666666666,NA,real
6449556,6,1,10,4.666666666666667,10,3,0,0.4,0.13333333333333333,NA,real
4106150,5,4,10,6.4,10,10,0,0.64,0,NA,real
3532082,4,1,10,5,10,4,0,0.4,0.2,NA,real
3852146,4,5,10,6.75,10,11,0,0.65,0.05,NA,real
1071746,6,2,10,4.333333333333333,10,4,0,0.36666666666666664,0.13333333333333333,NA,real
980678,6,5,10,6.666666666666667,10,11,0,0.6333333333333333,0.06666666666666667,NA,real
1467950,5,1,10,4.2,10,4,0,0.36,0.12,NA,real
5598903,3,3,10,5.333333333333333,10,6,0,0.4666666666666667,0.13333333333333333,NA,real
5588210,5,4,10,6.6,10,8,0,0.64,0.04,NA,real
4914536,4,0,10,4,10,2,0,0.4,0,NA,real
897072,6,3,8,3.5,8,4,0,0.3,0.1,NA,real
264904,5,2,10,4.2,10,4,0,0.32,0.2,NA,real
380043,6,3,10,5,10,6,0,0.43333333333333335,0.13333333333333333,NA,real
898584,1,10,10,10,10,10,1,1,0,NA,real
2801547,6,2,10,4.666666666666667,10,6,0,0.4666666666666667,0,NA,real
2926187,2,3,10,6.5,10,13,0,0.6,0.1,NA,real
6015185,5,2,10,6.4,10,8,0,0.6,0.08,NA,real
327589,6,4,10,6.666666666666667,10,10,0,0.6666666666666666,0,NA,real
3864478,6,1,10,4.833333333333333,10,2,0,0.43333333333333335,0.1,NA,real
968473,4,1,10,5.75,10,5,0,0.5,0.15,NA,real
2635493,2,2,10,6,10,12,0,0.5,0.2,NA,real
3150553,6,1,10,5.5,10,3,0,0.5,0.1,NA,real
5705444,3,4,10,6,10,8,0,0.4666666666666667,0.26666666666666666,NA,real
5089901,4,1,10,4.75,10,5,0,0.45,0.05,NA,real
3055037,4,2,10,5,10,4,0,0.5,0,NA,real
102134,6,0,4,2.6666666666666665,4,2,0,0.26666666666666666,0,NA,real
815625,2,4,10,7,10,14,0,0.7,0,NA,real
2894746,6,1,10,5.5,10,4,0,0.4666666666666667,0.16666666666666666,NA,real
3443586,4,1,10,5,10,4,0,0.35,0.3,NA,real
6816126,5,2,10,5.4,10,5,0,0.48,0.12,NA,real
3678484,3,0,10,5.333333333333333,10,6,0,0.5333333333333333,0,NA,real
3760975,3,3,10,5,10,5,0,0.4,0.2,NA,real
